,北海道,青森県,岩手県,宮城県,秋田県,山形県,福島県,茨城県,栃木県,群馬県,埼玉県,千葉県,東京都,神奈川県,新潟県,富山県,石川県,福井県,山梨県,長野県,岐阜県,静岡県,愛知県,三重県,滋賀県,京都府,大阪府,兵庫県,奈良県,和歌山県,鳥取県,島根県,岡山県,広島県,山口県,徳島県,香川県,愛媛県,高知県,福岡県,佐賀県,長崎県,熊本県,大分県,宮崎県,鹿児島県,沖縄県
1955.0,105107.68908443328,65992.04627621114,65915.20672740015,78138.96931094384,80812.45366938472,67981.53618906943,72862.05250596658,72146.80232558139,89589.79328165374,73592.93680297399,68642.50994255413,68976.41723356009,190265.14868732114,109383.35046248716,82398.30165790538,96757.10088148875,91469.97929606626,92055.70291777188,65107.80669144981,68788.2236516576,91399.62121212122,105158.49056603774,126369.594056779,104165.54508748319,96699.06323185012,100050.64599483204,143991.12169770463,125404.03203534934,87743.88674388675,110299.90069513406,84112.37785016287,68833.15392895587,84777.51479289941,92830.15355979525,106191.3043478261,69292.71070615035,87636.65254237289,87079.81829980532,72124.57531143828,103811.65803108808,73725.8726899384,69998.28375286041,66566.98312236287,75657.00861393892,67713.78402107111,60276.90802348337,38547.422680412375
1956.0,107627.89735099339,73163.32378223495,72408.48990953376,84707.4712643678,91154.81481481482,74716.29629629629,78178.69087434305,76549.15254237287,96184.05703175633,75896.40198511166,74094.92563429572,71970.6943192065,219363.27703916637,142204.13609072717,90701.74018615946,105108.3984375,97189.88648090816,97888.88888888889,71885.57213930348,75380.14888337468,98849.7800125707,113089.47959565706,147271.07652399482,109199.86541049798,108776.4705882353,112771.28205128206,159375.5513547574,134267.3563844269,90904.7619047619,113544.1906653426,88415.98694942905,73668.83116883118,93806.14657210401,107890.07421150278,108423.62399505256,76438.21510297482,94715.80063626723,94604.80207657364,78568.51642129105,115899.30822444274,76503.08641975309,80755.40386803185,67980.03152916448,77499.21630094043,72812.55448997385,64552.94117647058,42498.969072164946
1957.0,126763.68108218897,80043.3854907539,78713.88888888889,90941.34560092007,95277.65404602821,81837.05357142857,84311.23919308357,86556.74102812803,100485.99348534203,83011.2429731418,85861.47186147186,79485.8934169279,238436.35525861074,152126.49627952118,102969.94313566206,117557.50487329435,105199.17440660474,106464.19098143237,78770.67669172933,84120.81877184224,106581.97747183981,129701.37597619933,168068.94803548796,117491.2398921833,115840.4255319149,122713.84928716904,176892.93665249948,145621.71581769438,101990.99099099099,124334.99501495514,93431.85550082101,79967.21311475411,99165.97510373444,127023.11604253351,107294.62631253862,79144.50867052023,101800.21367521367,98994.12532637076,85344.0,126090.86294416244,84796.89119170984,92014.21262080727,70437.82929399368,89647.98737174428,76003.49956255467,68636.40873015873,45712.37113402062
1958.0,130368.15518286523,82876.41242937853,79464.0387275242,95034.42340791739,95870.43931496648,85747.19521316381,87710.29836381137,90798.73602333495,106509.80392156863,90392.58793969848,86624.1983753741,81796.54255319148,242650.64920652536,153364.46255092448,102663.41463414633,116322.64334305152,119323.7113402062,110992.0424403183,82737.70491803279,88020.53079619429,106117.53731343284,135107.05057216686,161646.73642252118,113357.57575757576,116241.66666666666,126366.21143146181,196012.1283255086,150961.41649048627,110259.64010282776,118663.67265469061,94621.08731466228,85349.83498349835,99929.80368828078,125258.30258302583,115051.75600739372,84679.06976744186,104634.40860215055,99927.8215223097,87731.34328358209,132028.39909525006,90379.16666666666,89867.64705882354,76429.25278219396,98470.58823529411,74854.64098073555,73562.65601597603,49708.24742268042
1959.0,141767.29308276688,92265.44943820225,92042.06896551725,107558.67200915856,109387.48137108792,95093.30323551543,97426.29289511841,105463.18868844466,119456.16348055373,99888.53904282117,102300.25231286796,92219.92976294996,247476.20066317252,178408.16944024205,114932.7079934747,134357.90494665375,139200.82389289394,123567.06507304116,93354.51080050826,100686.77727501257,130070.24029574862,152117.13030746704,185990.24390243902,133322.9939312205,137810.7142857143,142251.50905432596,218128.44729882886,166838.02083333334,115537.17948717948,137350.2994011976,106289.73509933775,96736.37374860956,116001.78997613364,137528.89908256882,135345.48825710756,99532.71028037384,115803.87931034483,117137.86279683377,99870.66974595842,140675.96513075967,94269.87447698745,97126.1971830986,83099.57401490948,104910.54313099042,84663.45311130588,79485.15349773529,57768.0412371134
1960.0,160794.60210359198,101483.53188507358,108947.55003450657,123545.61101549053,123473.80239520957,110091.59727479183,111660.65333983423,120297.99706888129,141182.95904887715,115833.9670468948,120278.4862196627,109588.03122289678,284233.1681123503,220439.1519024107,130555.69205569205,164871.24878993223,160010.2774922919,137976.0956175299,112741.68797953965,121185.76476527007,151700.85470085472,179458.9985486212,231490.48977650976,165956.90235690237,156024.91103202847,166123.43201204215,254417.07538601273,183589.605734767,132321.3828425096,164530.93812375248,121121.86978297161,110237.34533183352,137401.19760479042,167666.2087912088,175283.39575530586,118044.8642266824,130058.75952121872,136786.1425716189,115139.18128654972,161238.83204392315,114364.79321314952,100697.1590909091,93116.37931034483,114904.03225806452,102200.0,88164.03464085583,69561.8556701031
1961.0,183768.5787502464,115995.7953749124,122279.08587257618,146313.79310344826,147969.10324039185,128077.09923664122,125588.61070201275,155398.92839746713,168401.8506278916,144098.67172675522,144946.3356027233,139823.42954159592,349788.80305006524,272487.52079866885,149949.4658997535,209461.24031007753,177810.2564102564,161001.32802124834,135048.90604890604,145384.30379746837,178231.00303951366,215467.0981661273,262166.70525584626,200264.92287055665,174280.80568720377,195391.73718267796,299203.8360941587,226154.54089312596,155128.82653061225,190223.10756972112,137374.78991596636,126904.43686006826,168935.65844858688,196226.98268003645,190361.98243412797,138187.1275327771,156130.6256860593,164242.60752688174,139429.58579881655,193971.46433041303,126420.43010752689,119225.60275545351,114520.13057671383,129949.59349593495,114331.8544809228,104261.96603190943,77149.48453608247
1962.0,201351.0492253383,140560.87262491204,145942.9763560501,168462.24783861672,165302.3610053313,145623.45679012348,142463.63186541316,175186.2840466926,193464.63978849968,168657.19696969696,172040.57187017004,159753.70675453046,388363.26291079813,297355.695869508,179869.47542337875,217029.15451895044,206878.8501026694,185190.1595744681,157411.6883116883,166621.63534789233,197983.69565217392,246831.31672597863,290224.554276687,238199.19786096257,198055.4899645809,226631.34549038936,340271.6482781678,238928.09815950922,176631.17870722435,226158.05168986082,155851.09983079525,141299.07621247115,191507.56200846945,220802.8041610131,215604.41640378546,155031.25,176559.73451327434,182834.46404341928,154887.4251497006,209337.0927318296,145187.70581778264,126665.49912434326,128208.58558062742,154633.52506162695,133323.15978456015,119776.38453500521,89602.0618556701
1963.0,240847.4609375,159653.9816772375,169786.16352201256,196182.96892980437,188253.45622119814,169948.63813229572,164620.82710513205,188674.62250365317,221793.53562005277,196116.42542479545,212337.74834437086,202117.3652694611,442154.1547277937,358836.59147869673,210121.06135986734,247233.46303501946,237115.89743589744,212378.98936170214,180063.88526727512,194367.4300254453,226986.25224148238,282928.21956368757,336958.9101296418,265722.9235880399,232206.85579196218,260643.76218323587,393878.9880760554,268944.177093359,202480.0,262801.18694362015,174559.5238095238,156380.28169014084,226528.55407047388,252789.7803675482,251015.93371574252,179145.2784503632,204132.74336283185,213310.53351573186,177394.92753623187,227066.75062972293,167616.33109619687,144333.72711163614,150162.68739589117,172438.3788254756,156119.8910081744,141243.27176781002,98344.3298969072
1964.0,263238.1878281159,179405.9196617336,193237.323943662,221917.47851002865,224345.20123839012,194352.1568627451,187431.0776942356,213588.80778588806,254705.06912442396,232219.16092673762,233093.5754189944,226846.68455346875,495455.47431571054,401664.763264335,244513.31114808653,275864.6543330088,275115.5419222904,245158.24468085106,202163.39869281047,221226.4150943396,253892.5816023739,313871.0013908206,374619.8717948718,299230.8201058201,258106.0070671378,290174.3737957611,435247.049689441,305638.74469089194,233498.15043156597,310457.3110893032,201731.16438356164,183014.33691756273,266981.7407181984,312396.45232815965,290091.5538362347,209036.58536585365,239777.16186252772,249004.82425913162,204920.82825822168,264704.8558421851,200375.70942111235,169790.9638554217,176250.14021312396,203678.63105175292,185516.9880624426,156518.65671641793,113932.98969072166
1965.0,296593.5808197989,211158.08045165843,223778.17150956768,256981.7455790074,247403.90625,221271.5756136184,213715.22177419355,235806.42023346302,289948.0946123522,262503.7359900373,252069.65174129355,264090.3034789045,522946.5452203515,428033.17535545025,273313.04710295954,306128.78048780485,295009.1836734694,268049.26764314243,232508.51900393184,250243.61593462716,274720.0,336779.2653621696,398534.2779745781,316420.7397622193,278393.9038686987,316621.0175939135,482448.5503980772,343387.7030162413,258325.66585956415,363431.3534566699,228406.89655172414,209368.61313868614,295890.5775075988,339230.6006137659,333969.55958549224,225715.33742331289,269250.83240843506,270867.21991701244,230991.38991389913,291252.9634300126,234428.89908256882,200566.72760511885,205342.74421230945,231513.0581297388,221559.66697502314,184196.33225458467,133777.31958762885
1966.0,331896.66473877005,243413.96332863186,250286.5288667142,287385.79545454547,287002.3622047244,256223.64217252398,256006.09446419502,267805.55555555556,333864.7406434669,309247.9750778816,293611.8316988295,309503.054257995,597942.9115992014,491656.3656147987,314402.1784666946,353732.8767123288,343104.0816326531,311201.072386059,272473.061760841,291843.58974358975,322348.61845972954,388193.65837026935,467424.27343430213,359336.19550858653,331172.33294255566,365948.6333647502,554921.05649303,393378.2110091743,307719.57040572795,401029.18287937745,274391.30434782605,247359.25925925927,354482.4029126213,396446.32768361585,378780.6788511749,258701.7326732673,317594.8660714286,313721.6423103688,270160.248447205,335148.743718593,270195.85253456223,226065.48347613218,233800.79455164584,274723.02463891247,253065.86270871985,210711.32897603486,157111.34020618556
1967.0,396642.65129683,287973.9985945186,299843.83954154723,338346.67418263806,345722.3101265823,306275.8620689655,308396.841569027,331949.12790697673,393389.94121489226,365667.90352504636,347013.8221153846,378865.3117464692,691982.7091919011,554448.3333333334,371972.72345782624,414054.79452054796,407769.5431472081,364353.02013422817,312492.12598425196,348922.0112878399,376444.8336252189,443844.937773293,554053.2106421284,425100.8569545155,400406.75990675995,421833.7975858867,643382.7935511485,452273.44632768363,368351.6355140187,460248.7899322362,319116.9284467714,281965.04369538074,433662.6506024097,478531.96053196053,440649.18032786885,306144.2786069652,392808.4632516704,359270.25139664806,315480.64918851433,398420.1050262566,298487.8612716763,256150.5838967425,273301.0813887308,321398.80444064905,290589.7674418605,246456.29466739966,187252.57731958764
1968.0,446347.9762133128,328450.2103786816,337442.4460431655,398435.997764114,403144.9044585987,363787.9032258065,350785.1662404092,405291.9672919673,463364.8736228127,431907.30509515037,411691.8671248568,456331.79419525067,802571.6817295764,649950.8359872611,428045.0336700337,487129.15851272014,483519.71688574314,422852.15053763444,347404.7306176084,403146.6666666666,456482.29831688915,516372.9657920957,647112.6073380171,504488.173455979,478520.23121387284,499148.605395519,732887.5641203383,520048.487544484,417567.8449258837,511158.1485053038,368197.8984238179,327871.04930467764,514187.7990430622,561226.8694550063,514077.88778877887,373818.29573934834,470317.0189098999,428571.22807017545,364285.175879397,455849.5884260414,352230.1401869159,304263.48419094854,330078.64523536165,368581.61512027495,337406.9223573433,280469.8660714286,213704.1237113402
1969.0,499839.53934740886,379803.3589923023,392608.5383502171,464362.7287853577,437683.7469975981,413163.8280616383,409564.32598667353,472514.4618302513,545265.554842848,511897.74802191113,480058.85558583104,558062.5978090767,951495.7332629542,748266.9847328244,495293.9189189189,577186.3414634146,565978.8944723619,494366.08344549127,418628.6089238845,481675.8832565284,539119.6089706728,614362.7418825845,767847.280334728,595348.5639686683,576105.1428571428,580722.272317403,849642.3760775862,618258.5078534031,468818.1818181818,580225.9615384615,442773.6842105263,381485.9335038363,629051.0083036773,672295.8801498128,600419.695968275,441976.07052896725,550874.861572536,513225.1935256861,427188.36915297096,536796.0199004975,413752.3696682464,359079.52410770196,374379.1304347826,448280.65630397236,379312.6177024482,322121.4528944382,247824.74226804124
1970.0,580358.9891975308,438499.29971988796,457084.60977388767,546937.8779549203,500925.86623690574,460393.14845024474,472599.69167523127,580048.0410447761,632005.6962025317,599108.4990958408,562820.2276254526,617101.8711018711,1100523.755259467,860497.0760233919,570829.3096145701,682631.0679611651,654548.9021956088,579034.9462365591,502110.23622047243,562825.75370465,618938.0329732803,706325.2427184465,902321.7601188265,693826.9604666234,678482.0224719101,676664.0,987199.4750656168,714204.5844044558,540215.0537634409,655591.5627996165,521045.6942003515,443817.82945736434,747437.6098418278,762172.0032840723,700183.3223031106,521994.94310998736,635067.18061674,603117.7715091679,495692.50317662006,634266.9481003227,468051.3126491647,428566.8789808917,437564.70588235295,527639.2733564014,448803.0447193149,376183.34297281667,283611.3402061856
1971.0,634294.8322406479,500468.8593421973,503156.6617862372,619789.0157694399,525290.1134521881,507290.40196882695,512689.4953656025,636965.1376146789,727959.5015576323,657033.4128878282,587295.6671590349,658207.1509648127,1203209.982638889,882113.7955182074,620078.4896054306,741121.6216216217,726296.442687747,648827.540106952,547616.9934640522,624482.7060020346,687531.4606741572,770622.5693337584,946090.4649900489,747388.9602053915,761475.2475247525,723053.485313459,1025776.9378603459,788209.4936708861,562123.0448383733,720570.2005730659,587538.7323943662,504382.0078226858,786004.6189376443,848889.1129032258,734407.9207920792,585943.1099873577,704758.7336244541,655672.5228390724,574758.5768742058,707522.9289940828,519320.0962695547,488944.2307692308,504891.1362284355,576309.5442820293,502519.120458891,437591.8128654971,331400.0
1972.0,766896.6378482229,591685.2367688023,617358.711566618,744434.7125201505,630430.081300813,619687.242798354,648746.2686567164,734883.2579185521,857822.3724646589,749862.5368731564,711558.837318331,778722.0560239325,1428675.8246490397,968965.9129260884,717229.4317217981,852896.5517241379,846380.859375,792150.0664010624,677949.2847854357,727295.397066262,807692.7343316694,885700.3144654088,1115849.7785651018,843071.1111111111,934381.6216216217,856398.6224709428,1194942.351168048,888086.2248078121,652552.8700906344,854669.8292220114,697956.1403508772,592175.392670157,919772.9606389047,1019794.7805456703,843546.9468154957,689695.2141057934,832522.6781857451,717730.9573724668,647156.5656565657,842821.4634146342,637241.8379685611,570831.5112540193,624858.3383144053,688691.5167095115,601436.6062917064,547179.4721407624,459691.75257731957
1973.0,981913.8326327857,718009.6952908587,798345.5076698321,947074.5637228979,823823.1458842707,814322.075782537,840633.145202668,926258.1075077743,1102353.2970356927,927543.0733410943,880959.1061452514,1028297.8668054111,1774164.876707621,1202796.62682168,897805.0739957716,1101784.4254510922,1064893.2692307692,988643.8896189225,859777.4902975421,919314.4148669011,1025010.4052573931,1131346.439628483,1382193.6772624631,1081334.1708542714,1253730.9322033897,1083604.4839255498,1505957.688976865,1088790.9836065574,773376.0932944606,1097258.4905660378,871280.9773123909,781104.4386422976,1154016.3656884877,1277466.0457896779,1091407.963446475,856411.5432873275,1048984.0085287846,897769.4444444444,807313.28320802,1085830.125120308,811656.5900846433,733757.4002574002,802502.0820939917,874645.6020495304,760662.2516556291,693833.1381733022,644802.0100502513
1974.0,1137871.0959682,868976.6162310867,927845.0909090909,1127459.979209979,978390.8794788274,966699.0131578947,992334.1836734693,1116056.5709312446,1208319.4278903457,1059069.540229885,923810.8630313439,1098341.152982281,2017578.8615094016,1275185.0255427842,1118768.1952040386,1275711.194731891,1221123.106060606,1172305.9895833333,976955.0128534704,1080979.5613160518,1138418.8311688313,1277285.0595783684,1518843.10374295,1262000.0,1383985.5072463767,1240576.3772954924,1680734.5543345544,1213876.340821696,855714.0151515151,1281096.6228893057,1043064.0138408305,943093.8722294654,1275766.0167130919,1398456.9789674953,1278082.3605706873,990007.4906367041,1246844.374342797,1022557.1625344353,956814.2144638404,1284397.153024911,963673.0769230769,910102.4327784891,942735.41543901,990273.9609838846,897778.9179104477,837364.0606767795,797112.6346718903
1975.0,1193286.0621955788,1004649.4213750851,1038717.1717171718,1232834.7826086956,1076604.7077922078,1123709.0163934426,1133259.7666159312,1224056.3620836893,1323174.9116607774,1146113.325740319,1005604.024061398,1111826.464208243,2185039.23248244,1343090.8096280089,1237461.9565217393,1391297.852474323,1263525.2336448599,1249806.2015503875,1032401.0217113666,1181113.9742319128,1168887.04496788,1327142.3390752494,1618519.5813639432,1281412.054120541,1331821.5010141986,1262166.5979381443,1651908.3222611428,1300949.719551282,903735.3760445683,1235281.7164179105,1148228.9156626507,982689.2067620285,1349625.137816979,1508441.4210128495,1333182.6366559486,1062563.9751552795,1297087.4089490115,1127671.672354949,1058798.2673267326,1337263.4521313766,1058843.6754176612,976042.62086514,1047683.3819241984,1060136.9747899158,951057.1428571428,902933.8747099767,883346.116970278
1976.0,1339296.9416126043,1099307.95148248,1128949.1039426522,1350262.0967741937,1189507.667473769,1218611.2469437653,1235430.947580645,1341157.9831932771,1537110.6581246362,1300041.0573678291,1098155.5197421436,1239554.4879306303,2405926.589001199,1514721.8125960063,1343642.144638404,1544679.3327154773,1410437.1534195933,1399825.4172015404,1148714.1041931387,1303554.8450565666,1311062.466913711,1474414.247231368,1825227.1209084836,1411319.9023199023,1497336.9781312125,1409336.867862969,1850774.1896758704,1528269.0395704913,1024151.1839708562,1295749.3036211699,1284336.1774744028,1097622.5680933853,1468025.6971022415,1644797.0037453184,1458104.8593350383,1197917.1817058097,1402737.1134020619,1278895.6639566396,1187160.9336609335,1452019.5267631519,1170194.7743467933,1089837.5634517767,1160357.019064125,1184003.3361134278,1037275.4545454545,1031302.5936599424,920942.3440453686
1977.0,1498351.6443137976,1214533.422459893,1273131.334760885,1495466.1354581674,1335257.8313253012,1374826.5802269042,1371361.8618618618,1495896.1522548613,1641402.0737327188,1444908.2823790996,1173185.4252602633,1303843.6786855317,2690968.2063587285,1646909.46191052,1513333.0575093091,1689500.4608294931,1550464.7112740604,1515357.5989782887,1257031.5656565656,1479161.62109375,1422088.0041906757,1615454.8693586697,1989329.1473892927,1516223.1655548818,1632924.9512670564,1564182.7000808408,2020832.198734026,1626504.8390282441,1129348.7544483985,1412222.2222222222,1403869.712351946,1228894.1935483871,1585317.9347826086,1791503.9047973223,1570264.4628099175,1278249.6924969251,1549393.2584269661,1301226.7833109018,1319870.573870574,1631457.9460439808,1337974.0566037735,1218690.2654867256,1293796.7945048653,1382985.0869925434,1188473.9676840215,1169307.9564968518,1015209.1503267974
1978.0,1613931.329690346,1334203.0524220306,1408630.9439318667,1648771.6535433072,1401084.0,1490900.88638195,1527525.8449304174,1610857.0848558669,1863233.3143183114,1589034.1221794167,1288813.3640552997,1409646.1845607806,2933593.4471223946,1793123.9595719383,1641739.7034596377,1858665.750915751,1668164.5454545456,1611039.3900889454,1410605.527638191,1588161.9786614939,1544390.243902439,1786363.6631330978,2155363.695829926,1630886.8151715833,1837655.8005752636,1731424.619085806,2142604.0180694247,1748806.9899862558,1237997.3958333333,1525340.405904059,1517855.4621848739,1345717.5866495506,1774770.2702702703,1926394.7465778766,1652742.2419252691,1429418.0929095356,1643053.7525354968,1442523.1078365708,1429375.0,1758607.6233183856,1462119.43793911,1275613.7366099558,1412024.3902439023,1542871.6049382715,1318796.8056787935,1277785.7954545454,1128409.8057354302
1979.0,1740384.101174345,1439494.0633245383,1517959.7457627119,1729622.632345799,1495220.8931419456,1571239.7754611066,1666056.3519525458,1734669.3227091634,2112824.2253521127,1743991.2711402073,1428905.6036103799,1536430.393428448,3163905.044255392,1940921.6920374706,1695566.2156621565,2053677.5956284155,1763418.918918919,1733203.539823009,1517157.5,1687816.2970106076,1644576.9428718477,1965310.5463044115,2319071.1391994813,1810657.894736842,1952419.4156456173,1817959.7929936305,2238062.8774422733,1941220.5508888455,1311541.066892464,1598825.0460405156,1651795.0,1427666.240409207,1948216.0128962924,2075172.2488038277,1785612.1288692357,1485675.1824817518,1815124.8741188317,1645258.6666666665,1510583.835946924,1967949.4007989347,1541479.0697674418,1338674.4332493702,1527423.1851435,1653342.6001635324,1380135.8457493428,1324112.239142696,1251373.857404022
1980.0,1903379.8421807748,1519108.9238845145,1570030.94233474,1858170.5091258404,1661785.9984089101,1688705.2715654953,1814151.3513513515,2037487.8811571542,2232282.3660714286,1921683.0719307733,1563695.5719557195,1633788.5955649419,3446495.0938199344,2147417.3887926056,1922716.442268462,2152281.051677244,1910973.1903485255,2009175.062972292,1693618.1592039801,1849414.1074856045,1842723.9795918367,2081418.9149985495,2525726.133076181,1967015.411973918,2094811.1111111112,2056970.716264345,2528416.617490853,1987440.2332361517,1318758.4780810587,1770737.8104875805,1752046.3576158942,1592951.5923566879,2057778.193479423,2205752.464403067,1987706.9943289226,1630883.6363636365,2000860.0,1683919.0444591905,1629652.2262334535,2122938.2824511314,1688676.6743648963,1466074.7957259584,1659778.7709497206,1833690.8055329537,1473082.4652777778,1472438.0952380951,1346435.411020777
1981.0,1980525.4237288137,1622576.6710353866,1644483.870967742,1985820.8174904943,1684762.5099285147,1783425.498007968,1915707.7826725403,2085267.0520231214,2268064.194798008,2128158.261802575,1674430.4347826086,1748800.579230451,3770167.5554790986,2282135.716320137,2035178.1211874746,2249476.491862568,2069549.2457852706,2181918.5463659144,1833076.6378244746,1979851.8872431917,1950596.4556962026,2234103.1105990782,2752683.2109798915,2035880.1410105757,2253858.70556062,2199845.214651438,2637090.609942414,2111194.1597369947,1381542.5790754256,1945883.2720588234,1846472.8171334432,1699261.7534942823,2144124.4019138757,2312145.5994205,2009510.6783919598,1738324.062877872,2056261.6915422888,1802066.1375661376,1719777.9111644658,2212753.8093165,1757624.8561565017,1585921.5809284816,1743084.9056603773,1844217.9902755267,1554244.3868739207,1565808.249721293,1444134.0482573726
1982.0,2073010.1243339255,1720352.3248199082,1684669.699090273,2089492.2352941176,1765635.1351351351,1881049.323786794,2012005.8479532162,2182463.5811836114,2356433.0406147093,2198440.1277275146,1686244.3455031167,1814334.7552305504,4015086.4377682405,2323550.161358215,2093412.9817444219,2356220.7207207205,2132401.234567901,2314036.114570361,1892655.5965559655,2028631.7792578498,2022355.7788944724,2316252.144082333,2867096.2117609764,2107391.608391608,2422879.4964028774,2209704.269486878,2743982.0906004915,2184119.084263178,1468518.341307815,2024840.3669724772,1930122.950819672,1715306.329113924,2195554.7329455316,2374526.107310047,2077989.9812147778,1775855.4216867469,2108048.514851485,1875230.0593276203,1766423.4449760765,2229791.018998273,1842306.9873997709,1650746.7084639498,1823895.085588073,1887278.450363196,1621632.075471698,1630932.8151027206,1531818.0212014134
1983.0,2085507.956152758,1740831.8062827224,1753465.782122905,2164955.6902985075,1823259.5541401275,1928610.492845787,2096038.3309073264,2228571.5355805242,2490165.122615804,2308841.521394612,1756536.6666666667,1871738.261738262,4255545.726495727,2432515.8433651584,2182187.120291616,2479753.8185085356,2207336.546888694,2373995.0556242275,2055658.5365853657,2204223.484848485,2115834.8303393214,2454054.798409994,2973791.437116323,2204067.1296296297,2534236.912156167,2283559.7508758274,2809868.653935724,2292232.8295389325,1540993.7156323644,1894383.4862385322,2003200.9803921569,1747844.3037974685,2312963.177275118,2446766.559255281,2278614.375,1884363.4175691938,2146797.8303747536,1922183.9684625494,1789501.1933174224,2232136.275980287,1888823.0593607307,1707802.6315789472,1908069.78021978,1986048.270313757,1638857.264957265,1695973.9900387384,1615209.4240837696
1984.0,2180855.0775740477,1842827.111984283,1900674.8080949057,2258584.4516427577,1932447.8087649401,2030629.365079365,2247140.5118300337,2401640.8450704226,2606321.081081081,2569294.025157233,1890399.550484094,1955246.1114392597,4523882.643081894,2459724.7543668123,2307690.3799514957,2550937.2759856633,2316813.4263295555,2459257.0725707253,2292802.663438257,2389595.2941176468,2220599.4050570154,2615893.4310685084,3112338.072176222,2316422.567645366,2692816.827344435,2400382.0791311096,2914566.7284522704,2435910.5102817975,1612989.1472868216,2055369.4852941176,2125775.2442996744,2060308.9533417402,2506189.104243059,2573166.726042038,2370462.211118051,1950660.6714628297,2185931.2377210218,2060581.2581913501,1871785.4588796184,2286111.7734724293,1966433.9407744873,1788122.2570532917,2027408.1967213114,2117776.4423076925,1735799.6589940323,1810179.7133406836,1711800.1722652884
1985.0,2321135.0589892585,1967486.2204724408,2003352.161785216,2414505.055147059,2039910.6858054227,2162344.6909667198,2355823.5576923075,2649417.247706422,2742268.488745981,2645646.017699115,2027706.8553888132,2140845.7653457653,4848833.544678333,2642665.231431647,2482617.8369652946,2696495.527728086,2475267.3611111115,2671161.369193154,2577447.7791116447,2485224.6139447824,2340570.2316412027,2780917.4825174822,3339898.5282726567,2440244.419004007,2902758.650519031,2648195.593351372,3018220.581449008,2507026.3357332326,1731961.6858237549,2208378.1048758053,2235230.5194805195,2011281.7610062894,2641773.604590506,2674785.0301525365,2473001.2484394507,1958704.1916167664,2313849.4623655914,2136589.5424836604,1943678.5714285714,2370286.077558805,2062559.090909091,1872881.4303638644,2112857.4537540805,2145976.0,1812623.299319728,1891220.4507971413,1823573.3672603902
1986.0,2405347.2589458837,2002175.3460777851,2081527.6030747727,2518788.584474886,2111736.589271417,2240003.961965135,2457835.0119904075,2769155.498907502,2873186.1702127657,2656641.1185914036,2092989.0829694322,2243162.674841924,5191732.755720054,2728453.991791341,2576278.853914447,2812369.0795352994,2528279.6536796535,2741440.7814407814,2561111.1111111115,2508165.6556229587,2420111.9842829076,2930934.9457881567,3449427.518427518,2527145.785876993,3027413.3790737563,2740705.5876685935,3144060.8845491097,2562604.9056603773,1760537.17754173,2213496.7682363805,2404155.8441558443,2090862.547288777,2816185.3201457574,2774545.7758925413,2523386.7334167706,2039714.9700598803,2472579.1015625,2204569.371727749,2007536.9928400954,2448402.4467411935,2151007.9545454546,1917316.5512901195,2182091.304347826,2251160.928742994,1910443.7819420784,1971676.2114537447,1925303.872053872
1987.0,2533356.007067138,2084337.5248180013,2229622.284512964,2628067.0897552134,2199360.1286173635,2326077.6545166406,2549703.4911525585,2731509.9313831707,3001024.8021108177,2831737.764039155,2239578.9820457916,2343206.331260599,5570159.754353495,2907040.733992712,2668489.301574485,2955383.9285714286,2731127.80656304,2907204.379562044,2740067.7764565996,2600457.1694599628,2573154.598825832,3041539.375518099,3675534.5720377704,2635098.0169971674,3133343.8030560273,2856469.050365244,3291332.951814124,2724334.08535439,1901522.88072018,2279900.834105653,2566534.090909091,2201147.7272727275,2866641.891891892,2875022.230063515,2711070.9798994977,2161505.389221557,2495753.90625,2250462.950819672,2092271.5311004785,2571863.3305298574,2214370.454545454,2005330.1767676766,2274534.7448425624,2381768.243785084,2020896.0817717207,2027706.497797357,1999563.8031693078
1988.0,2654990.983026874,2192583.2223701733,2289222.612359551,2752303.0166591625,2295040.3877221323,2470220.2852614895,2706324.582338902,2973000.3577817534,3208219.0775681343,3115601.334017445,2418388.5391444713,2518551.7305200817,6073665.459445802,3018639.337952271,2827123.1825525044,3152382.1428571427,2954834.4827586208,3031817.518248175,2899262.721893491,2795083.2945556073,2741157.484154071,3268506.4578180816,3942483.953981229,2836060.3837471786,3458860.621326616,2993668.970814132,3605036.008230453,2969225.486526946,2030939.8663697105,2398909.8513011155,2650202.593192869,2355679.340937896,3078295.064935065,3119435.165609584,2887127.9143037177,2337055.1558752996,2673166.8292682925,2398118.9224704336,2191564.225690276,2734087.7854598784,2327660.2272727275,2072288.3396704688,2409171.009771987,2571806.918744972,2100462.063086104,2119735.6512141284,2063965.2317880795
1989.0,2815020.888652859,2376528.1501340484,2503169.133192389,2955852.415026834,2436532.467532467,2605483.333333333,2937049.0476190476,3125544.2948263646,3469389.3805309734,3242507.401735579,2557646.7977171848,2691603.790778203,6666117.171035994,3218767.836776074,2978508.0775444265,3338192.685102587,3141014.6173688737,3173537.0595382745,3152770.3180212015,2963283.790060381,2895142.371234208,3485245.283018868,4217959.392389833,3045424.8035914702,3716431.177446103,3110867.8955453145,3744038.3119853614,3149975.428145942,2173845.194424065,2491793.2960893856,2798490.2597402595,2495068.7898089173,3234646.753246753,3359271.54414351,3008492.093611638,2527183.673469388,2936569.8924731184,2575719.552337064,2307018.0722891563,2888523.054454413,2465098.976109215,2290649.6815286623,2568524.7148288973,2825164.5161290322,2228866.0409556315,2243033.7950138506,2218269.135802469
1990.0,3000640.503189227,2532730.950775455,2670950.5998588568,3183216.540684749,2643822.330888346,2812132.7503974563,3111594.1064638784,3466705.0966608087,3709889.92248062,3446221.7700915565,2748459.6409055423,2887566.3366336636,7119325.4048582995,3531209.8997493736,3233433.9393939395,3603653.5714285714,3428065.236051502,3368264.5631067962,3335787.8077373975,3229007.881316643,3086323.657474601,3659846.3633887223,4552300.403527126,3252648.633575014,3968196.3993453356,3300402.382782475,4181323.640526617,3384065.3098982424,2359061.090909091,2640637.8026070767,2973047.077922078,2643587.7080665813,3451164.589823468,3594211.578947368,3192048.3153210427,2668132.2115384615,3180701.857282502,2738163.696369637,2449007.272727273,3106523.176054874,2594652.6195899774,2484646.833013436,2760610.3260869565,2943064.672594988,2378832.3353293412,2400850.9454949945,2300231.587561375
1991.0,3183365.309734513,2626515.8891142663,2796975.2824858758,3386623.290692545,2795736.7130008177,2922902.1479713605,3317298.2456140355,3617784.7439916404,3814436.8583162217,3688531.914893617,2867346.9010175765,3040256.008545487,7193912.897259123,3619946.086956522,3459024.242424242,3771677.966101695,3576083.119108826,3555619.6840826245,3442994.1860465114,3360688.2516188715,3214867.824409069,3890322.213181448,4796742.012186061,3387965.058236273,4313245.344129555,3541397.2392638037,4455423.657142857,3549774.7880575005,2391420.028818444,2803552.0446096654,3113237.3983739833,2792403.598971722,3651351.8134715026,3772787.3382301503,3373852.13511791,2804288.8086642595,3397378.299120235,2833787.1777924653,2590542.579075426,3235613.7774100127,2727632.1184510253,2557186.2556197816,2867518.9804772236,3133672.064777328,2472704.3701799484,2512724.484104852,2402565.8536585364
1992.0,3253824.2360007064,2756922.764227642,2921133.474576271,3458101.182654402,2828825.409836066,2982618.933969769,3371820.415879017,3566092.8226363007,3795374.680959673,3678190.524193548,2932200.5481955227,3055497.094558901,7127317.74207117,3581048.6692952197,3530950.726978998,3804285.714285714,3564407.3441502987,3688574.7266099635,3396899.421965318,3396327.8008298757,3284710.8549471665,3846205.183585313,4723914.256198348,3379293.825799338,4277672.275641025,3550609.942638623,4570073.393448236,3594017.26988793,2378176.4285714286,2820887.5464684013,3161973.9837398375,2858206.451612903,3712326.0981912143,3825153.1217300314,3561614.696485623,2878189.1566265062,3465281.25,2929276.6379880873,2692866.910866911,3314284.009055361,2924814.562002275,2736598.582474227,2916650.054171181,3207976.480129765,2593419.880034276,2574261.598658468,2447771.589991929
1993.0,3354674.369377315,2787358.401084011,2974760.056457304,3481276.207046542,2955944.946589975,3025273.885350318,3350713.612812058,3585261.3013698626,3859602.336211275,3683349.7487437185,2890416.56626506,3035368.8710521725,7101158.072411174,3566143.766838109,3623592.1742638163,3854123.1043710974,3636693.9471440753,3750625.0,3396421.354764638,3398099.310344828,3346629.009095261,3819916.3078579116,4621216.152716594,3360168.9522764673,4215970.658207771,3598328.495034377,4509564.368865555,3666218.9847901776,2416227.3371104817,2949787.372330548,3194884.364820847,2881376.4553686935,3681690.206185567,3765996.8673860077,3489023.062139654,2915091.4560770155,3515081.951219512,3057985.4111405835,2793085.6793145654,3368110.5424769702,3015573.8636363633,2786060.0,2939228.1081081084,3288066.6125101545,2646506.4047822375,2630513.422818792,2522700.8000000003
1994.0,3411490.582643901,2947962.1621621624,3133988.7165021156,3572282.317336792,3074872.5328947366,3088031.8471337575,3444855.331141381,3738710.8843537415,3856583.2068791096,3772776.052104208,2880834.104132478,3126976.244147737,7044809.172600881,3575584.257341294,3694320.4508856684,3870439.7859054417,3649880.9523809524,3842854.5454545454,3466595.210946408,3475609.4322344325,3323466.3484486872,3875829.7130598016,4621482.088024565,3372981.9967266778,4244456.402199528,3601393.2112890924,4484977.73718461,3528539.2210641797,2491340.1408450706,2906429.6296296297,3310030.9446254075,2961680.0518134716,3693310.025706941,3747069.8644421273,3527107.119948685,2984651.8072289154,3549848.9278752436,3175559.6816976126,2871687.88249694,3434260.134446934,3054828.9920724803,2827400.258231117,3011226.4150943398,3355883.9285714286,2735589.437819421,2734293.132328308,2532387.480190174
1995.0,3461125.2635277584,3000774.628879892,3190590.1408450706,3576984.1133533707,3120849.258649094,3135696.1018297533,3556551.0777881914,3684531.461434371,3982961.6935483874,3824831.3373253495,2870250.03698772,3094672.64573991,7144746.730083234,3608173.6599563425,3752729.9035369772,3900772.039180766,3753806.779661017,3785457.0737605803,3531289.1156462585,3629227.438468551,3372774.7619047617,3904213.215623328,4719951.95107746,3396714.8288973384,4317703.962703963,3594973.764258555,4561262.248493805,3820398.7412069603,2497693.22152341,2910205.555555556,3357239.0243902435,2972511.0246433206,3771850.8457201435,3804080.846634282,3572575.192802056,3066751.201923077,3625286.270691334,3215201.0617120103,2873423.5006119953,3403514.291506183,3161183.257918552,2886363.754045307,3030547.8494623657,3415845.653939886,2740077.3809523806,2767217.391304348,2554051.0604870385
1996.0,3534443.3912585573,3078548.8873904245,3334313.38028169,3737112.4893071,3271344.6280991733,3307541.8326693224,3704708.528584817,3796265.3405259605,4150713.7117026625,3901417.1229467397,2936110.964138742,3172622.657727351,7231473.577235772,3746257.519024037,3938426.5060240966,4094625.777777778,3893020.3217612193,3891057.971014493,3687117.514124294,3761084.430322288,3502268.536121673,4031179.4392523365,4975012.179208352,3536721.560130011,4604784.283513097,3631938.876233865,4716184.5123197455,3965745.2499538832,2598986.7780097425,3021114.921223355,3452611.382113821,3080320.779220779,3835149.6668375195,3923353.002429712,3671405.161290323,3171666.6666666665,3696968.841285297,3372232.5581395347,2897428.9215686275,3502405.2907915995,3262212.669683258,3000180.51948052,3181976.3567974204,3419600.81300813,2832324.553950722,2838137.2002230897,2628160.6864274573
1997.0,3485726.267766275,3047984.4699527347,3320334.038054968,3723257.6660988075,3224585.8921161825,3298529.9281723863,3701732.427366448,3824573.494786411,4097276.052104208,3933453.5519125685,2942127.6129220873,3149366.329851002,7244991.835704065,3651695.5162880155,3887284.3373493976,4005565.8362989323,3869040.6435224386,3945870.7729468597,3686130.925507901,3737447.666515632,3451120.6077872743,4003634.0618336885,4773143.702207473,3458969.205834684,4513602.290076336,3573774.0712661105,4633724.909173478,3827258.2951420713,2583150.485436893,2983939.703153989,3415400.6514657983,3088557.2916666665,3712069.1598360655,3881255.0312283137,3713767.637540453,3198760.2409638553,3746224.171539961,3256928.8090485698,2864875.0,3541449.607724804,3214133.786848073,2949966.731898239,3151173.5626007523,3512298.0456026057,2839018.7234042557,2843613.839285714,2601325.833979829
1998.0,3466384.372256365,3049652.4678837056,3301099.365750529,3659244.585987261,3212745.0,3277692.2462030374,3679563.7898686677,3718769.1275167787,3986918.540729635,3865053.0490827966,2918696.2338228878,3101820.1806715527,7044774.1854426665,3556850.6501252535,3879204.180064309,3925669.928825623,3820232.8535139714,3908101.4492753623,3594701.5765765766,3597629.864253394,3439683.111954459,3970305.4816391696,4716692.528323533,3380985.983827493,4236935.752078609,3524290.578887628,4546147.055486213,3629999.4539497634,2537783.090783091,2960387.5464684013,3393944.7154471544,3150257.5163398692,3681425.499231951,3819465.6488549616,3619279.220779221,3178453.558504222,3729927.804878049,3256576.282478348,2894129.9019607846,3496476.9539078157,3223057.8887627693,2933113.3682830934,3062877.0139634805,3501252.854812398,2866779.1986359763,2859897.765363129,2635429.121725732
1999.0,3458661.451924767,3062446.851726473,3316238.5321100918,3644144.4915254237,3205993.3054393306,3306061.7481956696,3686462.658525129,3728017.108352902,3878328.007988018,3899262.376237624,2918396.4668404288,3097124.2151705413,6947478.4277726775,3494549.2172675524,3835539.081385979,3877721.0338680926,3861238.13559322,3826676.328502415,3585993.2356257048,3682343.438914027,3427069.767441861,3938471.1512895506,4641684.6988295745,3365778.556034483,4241436.186186186,3512683.93194707,4501265.17644389,3533424.565846599,2556576.1772853183,2978770.9497206705,3441144.951140065,3159482.3066841415,3667577.0609318996,3754607.427976397,3593217.589576547,3190322.853688029,3564744.3902439023,3174796.122994652,2909934.969325153,3459213.914434226,3254089.874857793,2904939.4736842103,3034919.935518538,3472892.9738562093,2859981.228668942,2904803.6912751677,2625396.024464832
2000.0,3567462.6077775825,3094001.35501355,3492680.7909604516,3699821.1416490483,3252222.035323802,3467777.3311897106,3804491.7724494594,3814485.599464166,4028256.3591022445,3866038.5185185187,3011207.696742577,3292451.9068511645,6978899.950265252,3739584.68786808,3814964.4588045236,4144288.1355932206,3945461.4733276884,4067675.5126658627,3778864.864864865,3895513.3182844245,3470624.7628083494,4318116.538359437,4737270.055374131,3918156.1658589123,4365172.747580044,3788717.095310136,4523766.609880749,3516123.2210412542,2668156.618156618,3189084.112149533,3546872.756933116,3391834.6456692913,3661533.5725269094,3913744.7030218826,3733054.9738219897,3211361.650485437,3646435.972629521,3284267.916945747,3128743.2432432435,3539960.326953748,3322415.0513112885,2868548.4508899143,3164910.1667563203,3763583.9475839473,3094280.341880342,3054729.563269877,2685807.283763278
2001.0,3533342.7816901407,3000948.404616429,3262545.6475583864,3610624.7361756014,3226138.6306001693,3279816.27719581,3656149.7175141242,3634248.160535117,3921109.895574341,3730313.4549038936,2906648.2728966605,3115956.783919598,6893508.836826962,3582695.5102040814,3730649.9392958316,4000447.3214285714,3857616.7512690355,3995307.2289156625,3554810.112359551,3680755.1755175516,3398270.014211274,4124623.2804232803,4691697.221830489,3739683.1364124594,4147399.556868538,3572896.187240468,4385458.338056909,3319736.3603732954,2611187.933425797,3168888.2629107977,3483769.9836867866,3358855.2631578944,3687715.9672466735,3783987.1527777775,3663246.224556796,3191276.1557177613,3640105.6751467707,3231700.6711409395,3041020.935960591,3468529.423459245,3205213.470319635,2845855.82010582,3152529.5698924735,3568678.6885245903,3013996.5753424657,2988754.7699214364,2666988.6963074603
2002.0,3463404.4428772917,2922302.6584867076,3254221.748400853,3550477.8387505277,3169126.8085106383,3281480.582524272,3608433.8999055712,3700267.4924673582,3894576.043737575,3684031.5270935963,2865269.0,3142104.201400467,6751359.872870997,3526695.113478462,3669451.2591389115,4010740.6082289806,3792908.474576271,3972557.971014493,3559055.1181102362,3569352.144469526,3368150.2369668246,4191045.454545455,4716762.866358154,3765157.273215244,4158626.010286554,3603483.3836858007,4340826.550277746,3284029.5698924735,2631327.0702853166,3160911.237016053,3342218.954248366,3277388.8888888885,3648498.9775051125,3751908.9645587215,3732192.485168095,3197670.731707317,3626547.058823529,3145688.888888889,2943786.4197530863,3424286.763246676,3190846.681922197,2839599.3355481727,3060247.1728594503,3525333.8802296966,3023060.9442060087,2941377.8153153155,2647220.8083832334
2003.0,3444176.408264171,2911636.0520904725,3248236.2598144184,3538602.785985648,3176815.450643777,3253934.9593495936,3550280.568720379,3735473.366834171,3920616.1866931478,3727624.630541872,2856978.5145133752,3177611.4427860696,6750908.701969648,3535098.8278556652,3669740.1221995926,4092106.6308243726,3782807.4639525022,3976128.1741233375,3524956.081081081,3590867.4208144797,3384690.9952606633,4155034.8284960417,4699564.993026499,3820854.6137339054,4159766.8128654966,3642733.9622641513,4343106.754306437,3250028.448738594,2597394.0027894005,3189746.1977186315,3351009.8199672666,3229450.7978723403,3610414.7088866187,3807105.9395623477,3729760.264900662,3297713.936430318,3575803.536345776,3159189.0614449694,2948236.9727047146,3460051.1397423195,3236611.23853211,2836011.3484646194,3106054.535637149,3634320.4601479047,3051229.7762478483,2959705.649717514,2658374.721189591
2004.0,3519263.185840708,3107782.458563536,3301802.1505376347,3579680.4733727807,3250666.089965398,3236750.816993464,3728304.9476688867,3754552.3138832995,4033979.1666666665,3783129.255056734,2913226.0857223957,3252960.8070117417,7848322.30411793,3527301.496629727,3790470.756646217,4361910.313901345,4042839.558573854,4067361.650485437,3596217.832957111,3802759.746146872,3563613.8519924097,4405094.697968873,4824396.72631433,4019930.369576861,4376560.7272727275,3793888.3018867923,4441090.878186968,3506478.7195994277,2708507.7030812325,3418051.674641148,3478336.0655737706,3397799.1967871487,3804903.5222052066,3832347.3428273704,3919245.6724367514,3677417.69041769,3720628.937007874,3485682.033898305,3087013.7157107233,3534661.782178218,3293140.2298850575,2965763.0872483226,3062326.8398268395,3750995.0576606262,3096116.4797238996,3193651.730005672,2707267.553584627
2005.0,3454548.6851457,3039972.860125261,3246264.981949459,3571709.3220338984,3222000.8726003487,3212721.2171052634,3727367.7666188427,3790818.823529412,4074145.7610312346,3778454.051383399,2926986.5324638505,3231140.1915455745,7900244.493917468,3563163.4440400363,3819516.6598107778,4348797.661870504,4032327.086882453,4148352.798053528,3632544.632768362,3835996.812386157,3585449.454200285,4461790.084388185,4908234.596829772,4083122.1210498125,4379872.463768116,3789631.7975830818,4463519.110808665,3508887.318905384,2717892.3293455313,3543977.7992277993,3364667.215815486,3279204.8517520213,3911010.730710271,3956474.452554744,3980222.3710649703,3569295.061728395,3649137.3517786562,3388993.1880108994,3022508.793969849,3574082.7722772276,3318859.122401848,2922716.0243407707,3062511.400651466,3579452.0661157025,3042581.960104076,3181819.1671420424,2682075.624082232
2006.0,3406472.078501338,3319660.8146067415,3302519.272727273,3597687.871077184,3328744.268077601,3306271.748135874,3807648.076923077,3900753.1943510426,4117488.0952380956,3860257.1711177053,2953278.1466308804,3243263.1492439187,7864662.311083123,3640151.3678498752,3819300.0,4291290.990990992,4073618.925831202,4227237.804878049,3734551.1363636367,3782058.4741891273,3684628.028503563,4525626.8774703555,5065654.440947037,4244062.5,4421574.100719425,3811491.685563114,4469226.438604441,3592970.314735336,2709748.7649964713,3597934.8882410107,3466162.251655629,3315256.44504749,4148076.1758691208,3981659.8260869565,4012159.0296495957,3565627.7915632753,3811856.293359762,3490404.109589041,3036459.493670886,3570256.8716630414,3321981.460023175,2986298.5685071577,3102694.232861806,3613878.210439105,3065653.0434782607,3240922.018348624,2689797.662527392
2007.0,3388636.6732389317,3324128.459900639,3291558.651026393,3513591.3338997453,3291631.5789473685,3418957.429048414,3801947.7503628447,4056717.7934746044,4142264.8809523806,3952487.128712871,2931282.015198424,3281167.837882007,7794516.344956413,3642486.983842011,3788753.3222591365,4303065.040650407,4108705.8823529417,4282526.315789473,3747145.952109464,3782890.009165903,3661786.121673004,4510506.322444678,5135025.282044311,4384242.925787507,4431806.866952789,3915342.792281498,4508676.999660595,3544301.269443948,2668559.094125973,3539699.3143976494,3351968.3860232946,3375316.507503411,4068475.4601226994,4153162.1433542105,4082251.35501355,3560380.0,3858650.099403579,3485426.703372333,2996919.540229885,3613024.3034973326,3453602.325581395,3040266.666666667,3142968.3406113535,3607245.43946932,3107033.1588132638,3298168.4939411427,2696496.360989811
2008.0,3295785.508291276,3198600.0,3135545.118343195,3358624.9467858667,3135732.19116321,3154868.6868686867,3594322.2979552094,3889012.4537192862,3932663.523573201,3726497.273177987,2812229.9607623317,3137235.0073135057,7485759.115085177,3493594.0881204684,3623311.3522537565,4094914.777878513,3966400.170648464,4131662.1621621624,3632660.1607347876,3648050.1610676483,3518401.428571428,4297866.596361719,4546287.8767401,3904454.3025120255,4276688.256227758,3772615.5303030303,4356490.674805019,3459470.851216023,2597015.636105188,3452794.8717948715,3211521.812080537,3191718.0192572214,3834860.2150537637,3842132.055749129,3927142.564802183,3512450.3144654087,3732071.7846460617,3258836.678200692,2933010.3225806453,3467075.2666930067,3314349.2990654204,2987520.4435204435,3020629.244249726,3552520.7641196013,3046909.728308501,3182026.1475886116,2661603.773584906
2009.0,3283435.372918175,3182472.885032538,3075752.23880597,3297019.591141397,3111314.4940747493,2982069.60950764,3441634.4928956395,3639469.696969697,3845186.4743908504,3628927.0109235356,2755043.848624494,3117334.7896440127,7055479.920294298,3314341.328003553,3547402.0964360586,3789743.169398907,3711011.1016225447,4063544.444444444,3426185.6978085353,3502996.299722479,3365236.7288378766,3968176.0507533704,4377770.341384429,3866500.5364806866,4134488.289567069,3659762.988244217,4138817.617165443,3290092.112323377,2471215.0997150997,3303825.3968253965,3104609.7972972975,3227256.588072122,3665811.698306824,3685589.7346368716,3800250.8567511993,3479007.594936709,3684323.3233233234,3240003.47705146,2879391.417425228,3454178.909952607,3122561.547479484,2996778.940027894,2947116.9686985174,3328435.8333333335,3044712.653778559,3124294.3925233646,2665576.1732851984
2010.0,3299228.8412640756,3221340.1310997815,3047809.022556391,3322912.265758092,3152170.349907919,3092402.908468777,3418822.5726959095,3782045.7912457916,3953583.6653386457,3733485.059760956,2782625.295343989,3117302.1235521236,6985764.267801505,3342658.045977012,3616788.9637742206,3981289.1125343093,3773977.7777777775,4144578.1637717118,3663340.67207416,3550603.159851301,3404684.766938972,4091427.6228419654,4327718.256645527,3983061.4555256064,4229346.562721475,3690601.2898330805,4142899.379582628,3460106.2992125987,2536977.8729478945,3496128.74251497,3009865.874363328,3245990.2370990235,3652015.938303342,3676536.525690318,3886786.354238456,3649175.796178344,3646279.1164658633,3342642.9070580015,2921561.518324607,3488636.8296529967,3265331.7647058824,3049803.083391731,3024614.749587232,3488624.895572264,3067331.2775330395,3193172.919109027,2659008.6145010768
2011.0,3318174.927113703,3236876.0088041085,3134297.338403042,3263601.0318142734,3229750.6976744183,3097836.4888123926,3142183.0985915493,3858123.6486486485,3897836.0,3749884.0579710146,2860164.1004300183,3101634.550426251,7076612.213971813,3371711.4790286976,3687846.446700508,4070867.6470588236,3778356.46958012,4075702.3661270235,3659753.792298716,3542520.074696545,3434958.4741670694,4119767.0575692966,4455158.937719062,3825037.899296156,4138309.271054494,3740058.868211166,4201924.743314905,3384833.810888252,2500233.6917562727,3592479.3969849246,3000329.3515358362,3303366.058906031,3753249.3560020607,3853356.543037089,3925477.83933518,3689596.153846154,3757720.7661290322,3471740.1685393257,2962434.036939314,3489637.472938398,3172606.8476977567,3093614.950634697,3068722.559293988,3434437.0805369127,3107092.03539823,3173276.37006482,2673229.67189729
2012.0,3300226.3494967977,3307387.407407407,3309319.295558959,3584112.065264062,3249301.975540922,3140220.294882914,3424011.7526826775,3895627.757041059,3859081.325301205,3766407.221664995,2822584.2572062085,3071445.4838709678,7012511.334441589,3311066.4829106946,3669216.595744681,4002922.4376731305,3831205.326460481,3933887.5,3584158.4507042253,3540485.459662289,3452148.8845780795,4089180.2621021667,4661791.6834880905,3955799.5654535578,4006470.297029703,3723490.867579909,4165717.0748222554,3382045.739910314,2510659.9423631122,3635896.7611336033,2993579.7598627787,3243540.9604519773,3644645.8440887975,3728064.448336252,3912461.645746165,3662052.9032258065,3773044.4893832156,3253260.777385159,2973366.1784287617,3453409.5107093733,3118708.875739645,3099566.7613636367,3080753.1820697286,3448418.212478921,3103395.5555555555,3121064.018968583,2678484.7625797307
2013.0,3363119.7131298273,3288833.9566192967,3490683.6027713628,3662675.953707672,3295047.6190476194,3302441.433566434,3708510.309278351,3887577.800476677,4115610.7754279957,3928643.504531722,2878489.623685667,3191048.863086599,7066248.515818742,3339253.302509907,3717386.1301369863,4058874.651810585,3924194.827586207,3974652.010050251,3623948.051948052,3630729.500471254,3441610.326351681,4192083.3780160854,4751176.399516714,4176544.462629569,4126666.4310954064,3721985.507246377,4201321.928635953,3442368.3737646,2547212.8892107173,3662326.5306122447,3053710.3448275863,3294092.3295454546,3761914.596273292,3787660.0,4050637.192982456,3834388.816644993,3700329.949238579,3347324.3243243243,3103227.4562584115,3502740.1883830456,3195473.246135553,3126156.048675734,3094408.1066074404,3446800.0,3206991.9571045577,3147299.7014925373,2757276.955602537
2014.0,3416749.537892791,3346870.7482993193,3602355.03875969,3809786.295503212,3335164.898746384,3310902.9982363316,3840094.4473274522,3967336.522036215,4132778.7878787876,4045214.7549267304,2885943.0109010627,3228368.0141729745,7082773.789088738,3330995.0565747553,3749600.0,4153501.865671642,3965467.5885911845,3957006.321112516,3708311.5338882287,3737891.943127962,3528550.6607929515,4156800.5383580085,4821850.616291533,4192976.99890471,4134280.7637906643,3843178.134556575,4288749.236856981,3565418.1981981983,2578815.7319737803,3682128.6008230452,3083497.4003466205,3408104.43490701,3760526.479750779,3948660.2248770203,4218404.2402826855,3948005.242463958,3747217.3469387754,3407231.375358166,3192269.0217391304,3552102.569131202,3270275.9856630825,3107649.603460707,3119737.0473537603,3531660.699062234,3276475.71942446,3207182.9121540315,2840855.5399719495
